descripcion,precio,titulo
"['Marca: CAMYOD', 'Material: Cuero sintético', 'Talla: S', 'Deporte: Snowboarding', 'Rango de edad (descripción): Adult', 'Color: Gris oscuro', 'Orientación de la mano: Ambidextrous', 'Cantidad por paquete: 1', 'Tipo de cierre: Hebilla', 'Material de buena calidad.', 'Tejido de nailon de alta calidad con revestimiento impermeable de PU transpirable y capa exterior repelente al agua para mantener tus manos secas; 1.41 oz 3M Thinsulate y Polyfill entreline; Membrana impermeable.', 'Calidez extra', 'Super cálido 3M Thinsulate, membrana impermeable funciona juntas para mantener las manos en un calor extremo.', 'Diseño perfecto.', 'Hilo de coser simple pero agradable en la parte posterior, orificio de ventilación de aire en la parte posterior de la mano, bolsillo con cremallera, todos estos guantes combinados son súper cálidos y de moda.', 'Sensación cómoda.', 'Todos los materiales son respetuosos con la piel, probados por SGS. 1.41 oz 3M Thinsulate y Polyfill interlining hace que los guantes sean suaves y cómodos; las capas que absorben la humedad mantienen tus manos libres de sudor.', 'USO', 'Esquí, patinaje, carreras de invierno, ciclismo de invierno, ciclismo de invierno, senderismo de invierno, invierno correr, escalada de montaña y otros deportes de invierno al aire libre.', 'Garantía del vendedor: 6 meses']",['65'],['Guantes Impermeables Alta Montaña 3m']
"['------------------------------------------------------------------------------------------', 'IMPORTADORA MEELTECH STORE', '- Lideres en envíos a todo el Ecuador', '- Importadores directos con los precios mas bajos', '- El 95% de nuestros clientes satisfechos', '- Mas de 7 años en el mercado', '- 11 Locales en todo el Ecuador', '------------------------------------------------------------------------------------------', 'DESCRIPCION DEL PRODUCTO', '------------------------------------------------------------------------------------------', 'Máquina de Boxeo de Pared Musical Artes Marciales Percepción Mejorada.', 'Descripción', 'EMBALAJE: Usted recibirá 1 máquina de boxeo de música, 1 par de guantes de boxeo, 1 cable de carga, 1 juego de accesorios de instalación y 1 manual.', 'MATERIAL: La máquina de boxeo está hecha de cuero PU de alta calidad, duradero y estable para un uso prolongado.', 'Rendimiento deportivo: como ejercicios de boxeo, puñetazos, ejercitar la coordinación mano-ojo. Puede mejorar la reacción, el ataque, la fuerza y la resistencia.', 'FÁCIL DE INSTALAR: La alfombrilla de entrenamiento de boxeo soporta conectividad inteligente, puede comprobar los datos en cualquier momento. La alfombrilla de entrenamiento de boxeo se puede ajustar e instalar según la altura de adultos o niños. MUY', 'USOS: Ideal para boxeo, calistenia, aeróbic y competiciones de boxeo. Con la alfombrilla de boxeo, convertirás tu entrenamiento en un hábito.', 'Especificación', 'Material: cuero PU', 'Tamaño de la máquina: 40 cm x 40 cm x 7,5 cm / 15,75 pulgadas x 15,75 pulgadas x 2,95 pulgadas', 'Tamaño del guante: 26 cm x 13 cm x 13 cm / 10,24 pulgadas x 5,12 pulgadas', 'Lista de embalaje', '1 juego de máquina de boxeo', '1 par de guantes de boxeo para adultos', '1 manual en inglés', '------------------------------------------------------------------------------------------', '* Precio sujeto a cambio sin previo aviso.', '* Colores y modelo puede variar según el stock.', '------------------------------------------------------------------------------------------', '1. Da click en el botón comprar.', '2. Escríbenos directamente.', '3. Acordar la forma de pago y envío.', '4. Reciba su compra en su domicilio o visite nuestros locales.', 'GRACIAS POR ELEGIRNOS']",['95'],['Máquina De Boxeo Inteligente Con Parlante Y Guantes Incluido']
"['- Somos TIENDA FÍSICA ! GADGET STORE EC ! Recuerda buscarnos para ofrecerte los mejores precios', '- Autorizados de la marca con garantía y factura, precios incluyen IVA !', '- Estamos ubicados por sector Quicentro Norte / Carolina', '- Horarios de atención: Lunes a Sábado', 'El nuevo intercomunicador LEXIN ET-COM emplea nueva tecnología que brinda una mejor experiencia mientras vas en tu motocicleta. Con un intercomunicador adicional.', 'DIY intercomunicador color', 'Cambia el color del intercomunicador según el color de tu casco o motocicleta.', 'Bluetooth v5.0', 'Conexión más rápida y estable.', 'Empareja tu dispositivo Bluetooth con LX-ET COM', 'Admite teléfonos móviles, GPS y otros dispositivos bluetooth para conectar y usar. Escucha música a través de la característica manos libres o escucha las indicaciones que brinda el GPS.', 'Compatible con otras marcas/modelos de intercomunicadores', 'Trabajar con un intercomunicador modelo al mismo tiempo.', 'Radio FM integrada', 'Disfruta de la radio FM en tu viaje.', 'Soporta conexión de 2 intercomunicadores en un rango de intercomunicación 1200 metros', 'Reducción de ruido de actualización', 'Disfruta de un sonido claro incluso a alta velocidad', 'Duración de la batería mejorada de 800mAh', 'Tiempo en espera: 300H', 'Tiempo de Trabajo: 15H', 'Tiempo de carga: 2,5 H', 'Activa Siri o s-voice', 'Marcación por voz a través de siri o S-voice, también incluye la característica de rellamada al último número', 'IP67 resistente al agua', 'Maneja cualquier condición climática, llueva o haga sol.', 'Carga rápida USB tipo C', '2.5 Horas tiempo de carga', 'Con todo tipo de cascos', 'Viene con micrófono de 2 tipos para asegurar la compatibilidad con cualquier casco:', 'Micrófono de casco integral', '- Micrófono de casco modular y de cara abierta', '*El paquete consta de 2 intercomunicadores*', 'Especificaciones:', '- Número máximo de altavoces: 2', '- Capacidad de la Batería: 800mAh', '- Bluetooth version: 5.0', '- Distancia de intercomunicación máxima: >1.000 m', '- Origen: CN (origen)', '- Tipo de artículo: Auriculares para cascos', '- Función Especial: FM', '- Función Especial: Control por voz', '- Función Especial: Función Universal de Emparejamiento', '- Función Especial: Impermeable', '- Función Especial: Reducción de ruido', '- Peso del artículo: 0.3kg', '- Dimensiones: 5.08cm x 12.7cm', '- Prestaciones: DIY Color rojo, azul, verde, amarillo y plateado.', '- Nombre del Modelo: LEXIN ET COM', '- Certificación de pruebas externas: FCC', '- Modo de fuente de Alimentación: Batería incorporada', '- Aplicable Tipo De Casco: Medio casco', '- Aplicable Tipo De Casco: MODULAR', '- Aplicable Tipo De Casco: Motocross', '- Aplicable Tipo De Casco: Cara abierta', '- Aplicable Tipo De Casco: Cara completa', '- Aplicable Tipo De Casco: Levante Casco', '- Aplicable Tipo De Casco: Universal', '- Modo de conexión: Bluetooth', '- Longitud del artículo: 9.5inch', '- Color: Negro', '- Water resistant: IP67', '- Somos TIENDA FÍSICA ! GADGET STORE EC ! Recuerda buscarnos para ofrecerte los mejores precios', '- Autorizados de la marca con garantía y factura, precios incluyen IVA !', '- Estamos ubicados por sector Quicentro Norte / Carolina', '- Horarios de atención: Lunes a Sábado']",['170'],['Intercomunicador Bluetooth Casco Lexin Et-com 1000m 2-pack']
"['- Muy transpirable, ultraligero y cómodo de llevar.', '- Fabricado en 100% poliéster de alta calidad, ofrece elasticidad y suavidad al tacto, aportando comodidad.', '- Cierre de Sin cordones', '- Se puede lavar a máquina, sin arrugas y de secado rápido.', '- Puede usarse como pasamontañas, máscara facial, polaina de cuello, bufanda, bandana, forro de casco, diadema o pulsera.', '- Ofrece protección UV, refrigeración en verano, es cortavientos, a prueba de polvo y arena, y absorbe el sudor.', '- Ideal para actividades al aire libre como esquí, snowboard, pesca, motociclismo, correr, escalada, senderismo y entrenamiento táctico.']",['2'],['Pasamontañas Nariz Unisex Mascara Transpirable Protector Uv']
"['Somos ""INTERCOMERCIOEC QUITO""', '****100% DE CLIENTES SATISFECHOS****', '****MÁS DE 8.000 TRANSACCIONES REALIZADAS****', '****LA SEGURIDAD DE TU COMPRA ESTÁ 100% GARANTIZADA****', '=======================================================================', 'DETALLE DEL PRODUCTO:', '- Lámina antiniebla para visor de casco universal de marco completo.', '- Antivaho duradero por más de 5 años.', '- Protege la visión y la piel de los ojos esterilizando los rayos UV.', '- Después de la lluvia ha sido húmedo, no reducirá el efecto antivaho, después de limpiarlo con un paño, se puede utilizar continuamente.', '- Adecuado para cascos completos, medio casco y cascos abiertos.', 'Material: PET especial.', 'Color: claro.', 'Tamaño (aprox.): 26cm x 9 cm.', 'Especificación: antivaho/lluvia.', 'Contenido del paquete:', '1 x película para casco de motocicleta antivaho/a prueba de lluvia.', '1 x paño antipolvo.', '1 x toallitas con alcohol.', '1 x pegatina de eliminación de polvo.', '1 x rascador pequeño.', '======================================================================', 'HORARIO DE ATENCIÓN:', 'De lunes a viernes 9h00 a 19h00, sábados 10h00 a 17h00 previa confirmación, domingos no abrimos.']",['9'],['2 Laminas Antiniebla Antivaho Para Lluvia Visor Casco Moto']
"['--------SOMOS NATURAL ECUADOR FITNESS TIENDA DEPORTIVA-------', 'Descripción:', '- Guantes VENUN Importados 12 onzas.', '- Ideales: para Sparring / Boxeo.', '- Protege de lesiones.', '- Minimiza el impacto de los golpes.', '- Mejora el agarre / Protege la muñeca.', '. -----Envíos a todo el Ecuador-----', 'Garantía del vendedor: 3 meses']",['31'],['Guantes De Boxeo Venum Importados']
['Motor 2200 W para moto/Scooter eléctrico Bat M7. Color: Negro. . Nuestros precios incluyen IVA (Código GFS: Acc_0240).'],['333'],['Motor 2200 W 120/70-12 Para Moto/scooter Eléctrico Bat M7']
"['Limpiaparabrisas universal para casco de motocicleta, compatible con la mayoría de las viseras.', 'Impermeable, limpiaparabrisas eléctrico, proporciona comodidad para tu viaje, resuelve el problema de montar en días lluviosos.', 'Adecuado para la mayoría de cascos de motocicleta y vehículos eléctricos.', 'Excelente material y diseño único que te hacen destacar en el camino.', 'Función: velocidad 2 ajustable, reinicio automático después de apagado, centro manual.', 'Garantía del vendedor: 6 meses']",['49'],['Limpia Parabrisas Eléctrico Para Casco De Moto']
"['Cargador 48V3A para la batería de plomo-ácido 48V12Ah', '. Nuestros precios incluyen IVA (Código GFS: Acc_0362).']",['50'],['Cargador Plomo 48v-3a-c-la Moto/scooter Eléctrico']
['El vendedor no incluyó una descripción del producto'],['20'],"['Defensa Cromada Tipo Harly Para Gn 125 ,lujo De Motos']"
"['Convertidor para moto o scooter eléctrico Wolf 4. Conector de 3 pines de 1,7 cm x 0,9 cm. Cubrecables color naranja. Yellow line Output 12 V black line negativo pole 0 V Red line input 48-72 V. Nuestros precios incluyen IVA (Código GFS: Acc_0317).']",['31'],['Convertidor In 48-72v Out 12v Para Moto/scooter Eléctrico']
"['- UNICA TALLA L', '- Diseños únicos: Rápida colocación / desmontaje, diseño ergonómico, ventilaciones transpirables para reducir la sudoración de las manos, protección de los nudillos.', '- Antideslizante, transpirable, diestro en el agarre, cómodo y resistente.', '- Exquisito corte y costura para asegurar un movimiento sin restricciones y durabilidad.', '- Perfecto para deportes al aire libre y trabajos pesados, como acampar, excursionismo, montañismo, escalada, ciclismo, motociclismo, equitación, entrenamiento militar, combate, caza, bateo, tiro, trabajo mecánico, etc.', '- 66% Nylon / 22% Poliuretano / 5% Algodón / 4% Spandex', '- Modelo Unisex', '- Productos 100% nuevos de paquete']",['11'],['Guantes Para Gimnasio Bicicleta Crossfit Under Armour Nuevo']
['Controlador para PMSM Versión LDX213-003 Rated Voltage DC 60V Phase 120 grados Protection Voltage 52+-1A Brake Level: High Maximum Current 35 +-1A para moto o scooter eléctrico. Nuestros precios incluyen IVA (Código GFS: Acc_0327).'],['118'],['Controlador Wireless 60a 35a Para Scooter Eléctrico Wolf']
"['Somos ""INTERCOMERCIOEC QUITO""', '****100% DE CLIENTES SATISFECHOS****', '****MÁS DE 8.000 TRANSACCIONES REALIZADAS****', '****LA SEGURIDAD DE TU COMPRA ESTÁ 100% GARANTIZADA****', '=======================================================================', 'DETALLE DEL PRODUCTO:', '- Lámina antiniebla para visor de casco universal de marco completo.', '- Antivaho duradero por más de 5 años.', '- Protege la visión y la piel de los ojos esterilizando los rayos UV.', '- Después de la lluvia ha sido húmedo, no reducirá el efecto antivaho, después de limpiarlo con un paño, se puede utilizar continuamente.', '- Adecuado para cascos completos, medio casco y cascos abiertos.', 'Material: PET especial.', 'Color: claro.', 'Tamaño (aprox.): 26cm x 9 cm.', 'Especificación: antivaho/lluvia.', 'Contenido del paquete:', '1 x película para casco de motocicleta antivaho/a prueba de lluvia.', '1 x paño antipolvo.', '1 x toallitas con alcohol.', '1 x pegatina de eliminación de polvo.', '1 x rascador pequeño.', '======================================================================', 'HORARIO DE ATENCIÓN:', 'De lunes a viernes 9h00 a 19h00, sábados 10h00 a 17h00 previa confirmación, domingos no abrimos.']",['9'],['2 Micas Antiniebla Para Dentro Y Fuera Visor Casco Moto']
['Parrilla especialmente diseñada para la Yamaha FZ25. Soporta cualquier baul o maletero del mercado permitiendo montarlo en segundos. Puede montar una maleta o también amarrar cosas a ella. Su superficie plana en la parte superior permite instalar un maletin impermeable sin romperlo y es reforzada en su estructura para evitar fallos comunes en este tipo de herrajes de moto'],['98'],['Moto Yamaha Fz25 Soporte Posterior (parrilla) Fire Parts']
"['- Hecha de tela 600D Oxford + tela impermeable + EVA', '- Capacidad: 25-38L aprox', '- Tiras reflectantes a los dos lados para mejorar la seguridad de la noche.', '- Medidas Normal: Alto 43cm * Ancho 30cm * Profundidad 20cm', '- Medias Expandido: Alto 43cm * Ancho 30cm * Profundidad 30cm', 'El paquete incluye:', '- 1 mochila Impermeable', '- 1 protector de lluvia', '- 1 correa con hebilla', '- 2 correas para el hombro', '- 1 cinturón multifunción', '- 2 cordones con hebilla']",['59'],['Mochila De Tanque Wolf De Moto Impemeable Multiusos + Acceso']
"['---SOMOS NATURAL ECUADOR FITNESS 5 AÑOS EN EL MERCADO---', 'GUANTES DE BOXEO EVERLAST 12 Y 14 ONZAS:', '- Protegen las manos / previenen lesiones.', '- Disminuyen el impacto de los golpes.', '- Proporcionan mejor agarre y control.', '- Mejoran la comodidad y evitan lesiones innecesarias.', 'Obsequio. Vendas de Boxeo Everlast', '---SOMOS NATURAL ECUADOR FITNESS 5 AÑOS EN EL MERCADO---']",['28'],['Guantes De Boxeo Everlast 12 Y 14 Oz - Guantes De Box']
"['Marca: CAMYOD', 'Material: Cuero sintético', 'Talla: S', 'Deporte: Snowboarding', 'Rango de edad (descripción): Adult', 'Color: Gris oscuro', 'Orientación de la mano: Ambidextrous', 'Cantidad por paquete: 1', 'Tipo de cierre: Hebilla', 'Material de buena calidad.', 'Tejido de nailon de alta calidad con revestimiento impermeable de PU transpirable y capa exterior repelente al agua para mantener tus manos secas; 1.41 oz 3M Thinsulate y Polyfill entreline; Membrana impermeable.', 'Calidez extra', 'Super cálido 3M Thinsulate, membrana impermeable funciona juntas para mantener las manos en un calor extremo.', 'Diseño perfecto.', 'Hilo de coser simple pero agradable en la parte posterior, orificio de ventilación de aire en la parte posterior de la mano, bolsillo con cremallera, todos estos guantes combinados son súper cálidos y de moda.', 'Sensación cómoda.', 'Todos los materiales son respetuosos con la piel, probados por SGS. 1.41 oz 3M Thinsulate y Polyfill interlining hace que los guantes sean suaves y cómodos; las capas que absorben la humedad mantienen tus manos libres de sudor.', 'USO', 'Esquí, patinaje, carreras de invierno, ciclismo de invierno, ciclismo de invierno, senderismo de invierno, invierno correr, escalada de montaña y otros deportes de invierno al aire libre.', 'Garantía del vendedor: 6 meses']",['65'],['Guantes Impermeables Alta Montaña 3m']
"['Marca: CAMYOD', 'Material: Cuero sintético', 'Talla: S', 'Deporte: Snowboarding', 'Rango de edad (descripción): Adult', 'Color: Gris oscuro', 'Orientación de la mano: Ambidextrous', 'Cantidad por paquete: 1', 'Tipo de cierre: Hebilla', 'Material de buena calidad.', 'Tejido de nailon de alta calidad con revestimiento impermeable de PU transpirable y capa exterior repelente al agua para mantener tus manos secas; 1.41 oz 3M Thinsulate y Polyfill entreline; Membrana impermeable.', 'Calidez extra', 'Super cálido 3M Thinsulate, membrana impermeable funciona juntas para mantener las manos en un calor extremo.', 'Diseño perfecto.', 'Hilo de coser simple pero agradable en la parte posterior, orificio de ventilación de aire en la parte posterior de la mano, bolsillo con cremallera, todos estos guantes combinados son súper cálidos y de moda.', 'Sensación cómoda.', 'Todos los materiales son respetuosos con la piel, probados por SGS. 1.41 oz 3M Thinsulate y Polyfill interlining hace que los guantes sean suaves y cómodos; las capas que absorben la humedad mantienen tus manos libres de sudor.', 'USO', 'Esquí, patinaje, carreras de invierno, ciclismo de invierno, ciclismo de invierno, senderismo de invierno, invierno correr, escalada de montaña y otros deportes de invierno al aire libre.', 'Garantía del vendedor: 6 meses']",['65'],['Guantes Impermeables Alta Montaña 3m']
['El vendedor no incluyó una descripción del producto'],['14'],['Forro Para Moto L Cobertor De Moto']
"['MILUNPRODUCTOS', 'Horario de Atención: lunes a viernes de 09:00 a 17:30, sábados de 10am a 15h00', 'Centro Comercial Artesanal Quitus', '1. Versión de Bluetooth: 5,0 + EDR', '2. Rango de frecuencia: 2,4026 GHz-2.480GHz', '3. Distancia de transmisión: 10M (la distancia de transmisión varía debido a factores ambientales y dispositivos Bluetooth de teléfonos móviles)', '4. Distancia del micrófono: 1 metro', '5. Batería de litio: 3,7 V/500mA', '6. Tiempo de carga: 4-5 horas', '7. Tiempo en espera: alrededor de 180 horas', '8. Tiempo de trabajo continuo: unas 20 horas', '9. Nombre del Bluetooth: BT12', 'Envíos a Nivel Nacional', '100% Garantizados', 'Disponibilidad']",['24'],['Intercomunicador Audífonos Inalámbricos Bluetooth Casco Moto']
['El vendedor no incluyó una descripción del producto'],['45'],['Guante Motowolf Cuero Unisex Motociclistas']
"['--------SOMOS NATURAL ECUADOR FITNESS TIENDA DEPORTIVA-------', 'Descripción:', '- Guantes VENUN Importados 12 onzas.', '- Ideales: para Sparring / Boxeo.', '- Protege de lesiones.', '- Minimiza el impacto de los golpes.', '- Mejora el agarre / Protege la muñeca.', '. -----Envíos a todo el Ecuador-----', 'Garantía del vendedor: 3 meses']",['31'],['Guantes De Boxeo Venum Importados']
"['--------SOMOS NATURAL ECUADOR FITNESS TIENDA DEPORTIVA-------', 'Descripción:', '- Guantes VENUN Importados 12 onzas.', '- Ideales: para Sparring / Boxeo.', '- Protege de lesiones.', '- Minimiza el impacto de los golpes.', '- Mejora el agarre / Protege la muñeca.', '. -----Envíos a todo el Ecuador-----', 'Garantía del vendedor: 3 meses']",['31'],['Guantes De Boxeo Venum Importados']
"['--------SOMOS NATURAL ECUADOR FITNESS TIENDA DEPORTIVA-------', 'Descripción:', '- Guantes VENUN Importados 12 onzas.', '- Ideales: para Sparring / Boxeo.', '- Protege de lesiones.', '- Minimiza el impacto de los golpes.', '- Mejora el agarre / Protege la muñeca.', '. -----Envíos a todo el Ecuador-----', 'Garantía del vendedor: 3 meses']",['31'],['Guantes De Boxeo Venum Importados']
"['--------SOMOS NATURAL ECUADOR FITNESS TIENDA DEPORTIVA-------', 'Descripción:', '- Guantes VENUN Importados 12 onzas.', '- Ideales: para Sparring / Boxeo.', '- Protege de lesiones.', '- Minimiza el impacto de los golpes.', '- Mejora el agarre / Protege la muñeca.', '. -----Envíos a todo el Ecuador-----', 'Garantía del vendedor: 3 meses']",['31'],['Guantes De Boxeo Venum Importados']
['El vendedor no incluyó una descripción del producto'],['16'],['Guantes Tacticos Oakley Original Motociclismo']
"['GUANTES TÉRMICOS PARA MOTO, CICLISMO,ESCALADA Y DEPORTES AL AIRE LIBRE', 'COLORES DISPONIBLES: ROJO, AZUL Y NEGRO', 'TALLA DISPONIBLE MÉDIUM', 'MATERIAL: NYLON, POLIESTER Y CUERO SINTÉTICO', 'LA PARTE QUE CUBRE LA PALMA DE LA MANO INCLUYE MATERIAL ANTIDESLIZANTE', 'MATERIAL TÉRMICO', 'NOTA: NO ES IMPERMEABLE', 'SOMOS TIENDA VIRTUAL', '(* ENTREGA GRATUITA PARA QUITO Y VALLES PREVIA COORDINACIÓN DEL LUGAR)']",['6'],['Guantes Térmicos Para Moto Ciclismo Y Deportes Al Aire Libre']
['Guantes importados para uso múltiple.'],['35'],['Guantes Americanos']
"['Uso: diseñados para ser increíblemente versátiles, estos guantes te mantendrán protegido de la escalada, el motociclismo, el ciclismo, el senderismo, la caza y el trabajo al aire libre.', '-Amplia gama de escenarios de uso: los guantes de carreras con protectores de nudillos duros sirven como guantes para motocross, mecánicos, deportes duales, vehículos todo terreno, motociclismo, motocross, tácticos, ciclismo, MTB, esquí y conducción de coches.', '-Protección: los guantes de moto evitan que los dedos y los nudillos se lesionen y se magullen. También hay protectores acolchados adicionales para los pulgares y las palmas. Las manos están protegidas de abrasiones y fracturas, especialmente en caso de accidente.', 'Material: 60% poliéster, 40% PVC, este material mantiene una temperatura agradable. Se ajusta perfectamente a las manos pero permite la destreza. Es resistente al desgaste, antideslizante, ligero y de secado rápido. Se recomienda lavar a mano los guantes de motocross.', 'Contamos con local físico por el sector de la Universidad Central', 'Entregamos a todo el país por servientregas.']",['16'],['Guantes Impermeables Para Moto']
"['Diseñados para ser increíblemente versátiles, estos guantes te mantendrán protegido de la escalada, el motociclismo, el ciclismo, el senderismo, la caza y el trabajo al aire libre.', '-Amplia gama de escenarios de uso: los guantes de carreras con protectores de nudillos duros sirven como guantes para motocross, mecánicos, deportes duales, vehículos todo terreno, motociclismo, motocross, tácticos, ciclismo, MTB, esquí y conducción de coches.', '-Protección: los guantes de moto evitan que los dedos y los nudillos se lesionen y se magullen. También hay protectores acolchados adicionales para los pulgares y las palmas. Las manos están protegidas de abrasiones y fracturas, especialmente en caso de accidente.', 'Contamos con local físico por el sector de la Universidad Central', 'Entregamos a todo el país por servientregas.']",['7'],['Guantes Para Moto']
['El vendedor no incluyó una descripción del producto'],['24'],['Guantes Para Motociclista Impermeables']
"['Contiene cintas reflexivas', 'Composición', '50% POLIESTER', '50% POLIURETANO', 'Forro', '100% POLIESTER', 'color negro con rojo', 'color negro con azul', 'color negro con baige']",['24'],"['Guantes Para Motociclista Térmicos, Impermeables']"
"['---SOMOS NATURAL ECUADOR FITNESS 5 AÑOS EN EL MERCADO---', 'GUANTES DE BOXEO EVERLAST 12 Y 14 ONZAS:', '- Protegen las manos / previenen lesiones.', '- Disminuyen el impacto de los golpes.', '- Proporcionan mejor agarre y control.', '- Mejoran la comodidad y evitan lesiones innecesarias.', 'Obsequio. Vendas de Boxeo Everlast', '---SOMOS NATURAL ECUADOR FITNESS 5 AÑOS EN EL MERCADO---']",['28'],['Guantes De Boxeo Everlast 12 Y 14 Oz - Guantes De Box']
"['---SOMOS NATURAL ECUADOR FITNESS 5 AÑOS EN EL MERCADO---', 'GUANTES DE BOXEO EVERLAST 12 Y 14 ONZAS:', '- Protegen las manos / previenen lesiones.', '- Disminuyen el impacto de los golpes.', '- Proporcionan mejor agarre y control.', '- Mejoran la comodidad y evitan lesiones innecesarias.', 'Obsequio. Vendas de Boxeo Everlast', '---SOMOS NATURAL ECUADOR FITNESS 5 AÑOS EN EL MERCADO---']",['28'],['Guantes De Boxeo Everlast 12 Y 14 Oz - Guantes De Box']
"['---SOMOS NATURAL ECUADOR FITNESS 5 AÑOS EN EL MERCADO---', 'GUANTES DE BOXEO EVERLAST 12 Y 14 ONZAS:', '- Protegen las manos / previenen lesiones.', '- Disminuyen el impacto de los golpes.', '- Proporcionan mejor agarre y control.', '- Mejoran la comodidad y evitan lesiones innecesarias.', 'Obsequio. Vendas de Boxeo Everlast', '---SOMOS NATURAL ECUADOR FITNESS 5 AÑOS EN EL MERCADO---']",['28'],['Guantes De Boxeo Everlast 12 Y 14 Oz - Guantes De Box']
"['---SOMOS NATURAL ECUADOR FITNESS 5 AÑOS EN EL MERCADO---', 'GUANTES DE BOXEO EVERLAST 12 Y 14 ONZAS:', '- Protegen las manos / previenen lesiones.', '- Disminuyen el impacto de los golpes.', '- Proporcionan mejor agarre y control.', '- Mejoran la comodidad y evitan lesiones innecesarias.', 'Obsequio. Vendas de Boxeo Everlast', '---SOMOS NATURAL ECUADOR FITNESS 5 AÑOS EN EL MERCADO---']",['28'],['Guantes De Boxeo Everlast 12 Y 14 Oz - Guantes De Box']
"['---SOMOS NATURAL ECUADOR FITNESS 5 AÑOS EN EL MERCADO---', 'GUANTES DE BOXEO EVERLAST 12 Y 14 ONZAS:', '- Protegen las manos / previenen lesiones.', '- Disminuyen el impacto de los golpes.', '- Proporcionan mejor agarre y control.', '- Mejoran la comodidad y evitan lesiones innecesarias.', 'Obsequio. Vendas de Boxeo Everlast', '---SOMOS NATURAL ECUADOR FITNESS 5 AÑOS EN EL MERCADO---']",['28'],['Guantes De Boxeo Everlast 12 Y 14 Oz - Guantes De Box']
['El vendedor no incluyó una descripción del producto'],['45'],['Guante Motowolf Cuero Unisex Motociclistas']
"['Talla S,M,L']",['12'],"['Guantes Para Motociclista Táctiles, Térmicos, Semipermeables']"
['GUANTES ORIGINALES IMPERMEABLES'],['29'],['Guantes Impermeables Originales . 100% Producto Garantizado']
"['91% Cuero', '5% Neopreno', '3% Nylon', '1% Poliuretano', 'Recubrimiento: 100% Poliéster', 'Protecciones: 100% Pvc', '• Guantes de cuero de larga duración', '• Perforaciones transpirables para mayor comodidad', '• Acolchado extra protector', '• Correa ajustable para un mejor ajuste', '• Agarre firme con textura de cuero rugosa', '• Impermeables', 'Número de modelo: AAA', 'Material: Cuero', 'Tabla de tallas:', 'M: tamaño de la palma 20 cm/7,87 pulgadas, ancho 8 cm/3,15 pulgadas', 'L: tamaño de la palma 21 cm/8,26 pulgadas, ancho 8,5 cm/3,34 pulgadas', 'XL: tamaño de la palma 22 cm/8,66 pulgadas, ancho 9 cm/3,54 pulgadas', 'XXL: tamaño de la palma 23 cm/9 pulgadas, ancho 9,5 cm/3,74 pulgadas']",['49'],['Guantes De Motociclista De Cuero Impermeable Furygan']
['El vendedor no incluyó una descripción del producto'],['19'],['10 Pares De Guantes De Operador De Cuero Color Dorado Oscuro']
"['GUANTE LARGO ""M"" Moxal', 'Características:', 'Color: Azul', 'Color principal: Negro', 'Condición del ítem: Nuevo', 'Marca: Moxal', 'Modelo: GL-17', 'MPN: 01.018.0294', 'Talle: M', 'GUANTE LARGO ""M"" NEG/AZU - GL-17 - MOXAL - CHINA']",['14'],['Guante Largo  M  Moxal']
"['R21 Tactical', 'Puño con tecnología patentada SuperCuff.', 'Relleno segmentado de 6 mm en los nudillos, crea una protección que se mueve contigo.', 'Diseño de dos capas en la punta de los dedos da una sensación táctil máxima sin comprometer la destreza', 'Debe estar seguro antes de dar comprar, en caso de no concretar la compra con cualquiera de las forma de pago expuestas antes se calificara NEGATIVO.', 'Envíos a Cargo del Comprador']",['92'],['Guantes Tactical Ringers 577-09 T.m Le Tactical Blk B-21 R23']
['El vendedor no incluyó una descripción del producto'],['61'],['Guantes De Moto Masontex M']
"['Uso: diseñados para ser increíblemente versátiles, estos guantes te mantendrán protegido de la escalada, el motociclismo, el ciclismo, el senderismo, la caza y el trabajo al aire libre.', '-Amplia gama de escenarios de uso: los guantes de carreras con protectores de nudillos duros sirven como guantes para motocross, mecánicos, deportes duales, vehículos todo terreno, motociclismo, motocross, tácticos, ciclismo, MTB, esquí y conducción de coches.', '-Protección: los guantes de moto evitan que los dedos y los nudillos se lesionen y se magullen. También hay protectores acolchados adicionales para los pulgares y las palmas. Las manos están protegidas de abrasiones y fracturas, especialmente en caso de accidente.', 'Material: 60% poliéster, 40% PVC, este material mantiene una temperatura agradable. Se ajusta perfectamente a las manos pero permite la destreza. Es resistente al desgaste, antideslizante, ligero y de secado rápido. Se recomienda lavar a mano los guantes de motocross.', 'Contamos con local físico por el sector de la Universidad Central', 'Entregamos a todo el país por servientregas.']",['16'],['Guantes Impermeables Para Moto']
"['Diseñados para ser increíblemente versátiles, estos guantes te mantendrán protegido de la escalada, el motociclismo, el ciclismo, el senderismo, la caza y el trabajo al aire libre.', '-Amplia gama de escenarios de uso: los guantes de carreras con protectores de nudillos duros sirven como guantes para motocross, mecánicos, deportes duales, vehículos todo terreno, motociclismo, motocross, tácticos, ciclismo, MTB, esquí y conducción de coches.', '-Protección: los guantes de moto evitan que los dedos y los nudillos se lesionen y se magullen. También hay protectores acolchados adicionales para los pulgares y las palmas. Las manos están protegidas de abrasiones y fracturas, especialmente en caso de accidente.', 'Contamos con local físico por el sector de la Universidad Central', 'Entregamos a todo el país por servientregas.']",['7'],['Guantes Para Moto']
['El vendedor no incluyó una descripción del producto'],['24'],['Guantes Para Motociclista Impermeables']
"['Contiene cintas reflexivas', 'Composición', '50% POLIESTER', '50% POLIURETANO', 'Forro', '100% POLIESTER', 'color negro con rojo', 'color negro con azul', 'color negro con baige']",['24'],"['Guantes Para Motociclista Térmicos, Impermeables']"
"['---SOMOS NATURAL ECUADOR FITNESS 5 AÑOS EN EL MERCADO---', 'GUANTES DE BOXEO EVERLAST 12 Y 14 ONZAS:', '- Protegen las manos / previenen lesiones.', '- Disminuyen el impacto de los golpes.', '- Proporcionan mejor agarre y control.', '- Mejoran la comodidad y evitan lesiones innecesarias.', 'Obsequio. Vendas de Boxeo Everlast', '---SOMOS NATURAL ECUADOR FITNESS 5 AÑOS EN EL MERCADO---']",['28'],['Guantes De Boxeo Everlast 12 Y 14 Oz - Guantes De Box']
"['---SOMOS NATURAL ECUADOR FITNESS 5 AÑOS EN EL MERCADO---', 'GUANTES DE BOXEO EVERLAST 12 Y 14 ONZAS:', '- Protegen las manos / previenen lesiones.', '- Disminuyen el impacto de los golpes.', '- Proporcionan mejor agarre y control.', '- Mejoran la comodidad y evitan lesiones innecesarias.', 'Obsequio. Vendas de Boxeo Everlast', '---SOMOS NATURAL ECUADOR FITNESS 5 AÑOS EN EL MERCADO---']",['28'],['Guantes De Boxeo Everlast 12 Y 14 Oz - Guantes De Box']
"['---SOMOS NATURAL ECUADOR FITNESS 5 AÑOS EN EL MERCADO---', 'GUANTES DE BOXEO EVERLAST 12 Y 14 ONZAS:', '- Protegen las manos / previenen lesiones.', '- Disminuyen el impacto de los golpes.', '- Proporcionan mejor agarre y control.', '- Mejoran la comodidad y evitan lesiones innecesarias.', 'Obsequio. Vendas de Boxeo Everlast', '---SOMOS NATURAL ECUADOR FITNESS 5 AÑOS EN EL MERCADO---']",['28'],['Guantes De Boxeo Everlast 12 Y 14 Oz - Guantes De Box']
"['---SOMOS NATURAL ECUADOR FITNESS 5 AÑOS EN EL MERCADO---', 'GUANTES DE BOXEO EVERLAST 12 Y 14 ONZAS:', '- Protegen las manos / previenen lesiones.', '- Disminuyen el impacto de los golpes.', '- Proporcionan mejor agarre y control.', '- Mejoran la comodidad y evitan lesiones innecesarias.', 'Obsequio. Vendas de Boxeo Everlast', '---SOMOS NATURAL ECUADOR FITNESS 5 AÑOS EN EL MERCADO---']",['28'],['Guantes De Boxeo Everlast 12 Y 14 Oz - Guantes De Box']
"['---SOMOS NATURAL ECUADOR FITNESS 5 AÑOS EN EL MERCADO---', 'GUANTES DE BOXEO EVERLAST 12 Y 14 ONZAS:', '- Protegen las manos / previenen lesiones.', '- Disminuyen el impacto de los golpes.', '- Proporcionan mejor agarre y control.', '- Mejoran la comodidad y evitan lesiones innecesarias.', 'Obsequio. Vendas de Boxeo Everlast', '---SOMOS NATURAL ECUADOR FITNESS 5 AÑOS EN EL MERCADO---']",['28'],['Guantes De Boxeo Everlast 12 Y 14 Oz - Guantes De Box']
"['---SOMOS NATURAL ECUADOR FITNESS 5 AÑOS EN EL MERCADO---', 'GUANTES DE BOXEO EVERLAST 12 Y 14 ONZAS:', '- Protegen las manos / previenen lesiones.', '- Disminuyen el impacto de los golpes.', '- Proporcionan mejor agarre y control.', '- Mejoran la comodidad y evitan lesiones innecesarias.', 'Obsequio. Vendas de Boxeo Everlast', '---SOMOS NATURAL ECUADOR FITNESS 5 AÑOS EN EL MERCADO---']",['28'],['Guantes De Boxeo Everlast 12 Y 14 Oz - Guantes De Box']
"['Talla S,M,L']",['12'],"['Guantes Para Motociclista Táctiles, Térmicos, Semipermeables']"
['GUANTES ORIGINALES IMPERMEABLES'],['29'],['Guantes Impermeables Originales . 100% Producto Garantizado']
"['91% Cuero', '5% Neopreno', '3% Nylon', '1% Poliuretano', 'Recubrimiento: 100% Poliéster', 'Protecciones: 100% Pvc', '• Guantes de cuero de larga duración', '• Perforaciones transpirables para mayor comodidad', '• Acolchado extra protector', '• Correa ajustable para un mejor ajuste', '• Agarre firme con textura de cuero rugosa', '• Impermeables', 'Número de modelo: AAA', 'Material: Cuero', 'Tabla de tallas:', 'M: tamaño de la palma 20 cm/7,87 pulgadas, ancho 8 cm/3,15 pulgadas', 'L: tamaño de la palma 21 cm/8,26 pulgadas, ancho 8,5 cm/3,34 pulgadas', 'XL: tamaño de la palma 22 cm/8,66 pulgadas, ancho 9 cm/3,54 pulgadas', 'XXL: tamaño de la palma 23 cm/9 pulgadas, ancho 9,5 cm/3,74 pulgadas']",['49'],['Guantes De Motociclista De Cuero Impermeable Furygan']
['El vendedor no incluyó una descripción del producto'],['19'],['10 Pares De Guantes De Operador De Cuero Color Dorado Oscuro']
"['GUANTE LARGO ""M"" Moxal', 'Características:', 'Color: Azul', 'Color principal: Negro', 'Condición del ítem: Nuevo', 'Marca: Moxal', 'Modelo: GL-17', 'MPN: 01.018.0294', 'Talle: M', 'GUANTE LARGO ""M"" NEG/AZU - GL-17 - MOXAL - CHINA']",['14'],['Guante Largo  M  Moxal']
"['R21 Tactical', 'Puño con tecnología patentada SuperCuff.', 'Relleno segmentado de 6 mm en los nudillos, crea una protección que se mueve contigo.', 'Diseño de dos capas en la punta de los dedos da una sensación táctil máxima sin comprometer la destreza', 'Debe estar seguro antes de dar comprar, en caso de no concretar la compra con cualquiera de las forma de pago expuestas antes se calificara NEGATIVO.', 'Envíos a Cargo del Comprador']",['92'],['Guantes Tactical Ringers 577-09 T.m Le Tactical Blk B-21 R23']
['El vendedor no incluyó una descripción del producto'],['61'],['Guantes De Moto Masontex M']
"['91% Cuero', '5% Neopreno', '3% Nylon', '1% Poliuretano', 'Recubrimiento: 100% Poliéster', 'Protecciones: 100% Pvc', '• Guantes de cuero de larga duración', '• Perforaciones transpirables para mayor comodidad', '• Acolchado extra protector', '• Correa ajustable para un mejor ajuste', '• Agarre firme con textura de cuero rugosa', '• Impermeables', 'Número de modelo: AAA', 'Material: Cuero', 'Tabla de tallas:', 'M: tamaño de la palma 20 cm/7,87 pulgadas, ancho 8 cm/3,15 pulgadas', 'L: tamaño de la palma 21 cm/8,26 pulgadas, ancho 8,5 cm/3,34 pulgadas', 'XL: tamaño de la palma 22 cm/8,66 pulgadas, ancho 9 cm/3,54 pulgadas', 'XXL: tamaño de la palma 23 cm/9 pulgadas, ancho 9,5 cm/3,74 pulgadas']",['49'],['Guantes De Motociclista De Cuero Impermeable Furygan']
"['91% Cuero', '5% Neopreno', '3% Nylon', '1% Poliuretano', 'Recubrimiento: 100% Poliéster', 'Protecciones: 100% Pvc', '• Guantes de cuero de larga duración', '• Perforaciones transpirables para mayor comodidad', '• Acolchado extra protector', '• Correa ajustable para un mejor ajuste', '• Agarre firme con textura de cuero rugosa', '• Impermeables', 'Número de modelo: AAA', 'Material: Cuero', 'Tabla de tallas:', 'M: tamaño de la palma 20 cm/7,87 pulgadas, ancho 8 cm/3,15 pulgadas', 'L: tamaño de la palma 21 cm/8,26 pulgadas, ancho 8,5 cm/3,34 pulgadas', 'XL: tamaño de la palma 22 cm/8,66 pulgadas, ancho 9 cm/3,54 pulgadas', 'XXL: tamaño de la palma 23 cm/9 pulgadas, ancho 9,5 cm/3,74 pulgadas']",['49'],['Guantes De Motociclista De Cuero Impermeable Furygan']
"['91% Cuero', '5% Neopreno', '3% Nylon', '1% Poliuretano', 'Recubrimiento: 100% Poliéster', 'Protecciones: 100% Pvc', '• Guantes de cuero de larga duración', '• Perforaciones transpirables para mayor comodidad', '• Acolchado extra protector', '• Correa ajustable para un mejor ajuste', '• Agarre firme con textura de cuero rugosa', '• Impermeables', 'Número de modelo: AAA', 'Material: Cuero', 'Tabla de tallas:', 'M: tamaño de la palma 20 cm/7,87 pulgadas, ancho 8 cm/3,15 pulgadas', 'L: tamaño de la palma 21 cm/8,26 pulgadas, ancho 8,5 cm/3,34 pulgadas', 'XL: tamaño de la palma 22 cm/8,66 pulgadas, ancho 9 cm/3,54 pulgadas', 'XXL: tamaño de la palma 23 cm/9 pulgadas, ancho 9,5 cm/3,74 pulgadas']",['49'],['Guantes De Motociclista De Cuero Impermeable Furygan']
"['91% Cuero', '5% Neopreno', '3% Nylon', '1% Poliuretano', 'Recubrimiento: 100% Poliéster', 'Protecciones: 100% Pvc', '• Guantes de cuero de larga duración', '• Perforaciones transpirables para mayor comodidad', '• Acolchado extra protector', '• Correa ajustable para un mejor ajuste', '• Agarre firme con textura de cuero rugosa', '• Impermeables', 'Número de modelo: AAA', 'Material: Cuero', 'Tabla de tallas:', 'M: tamaño de la palma 20 cm/7,87 pulgadas, ancho 8 cm/3,15 pulgadas', 'L: tamaño de la palma 21 cm/8,26 pulgadas, ancho 8,5 cm/3,34 pulgadas', 'XL: tamaño de la palma 22 cm/8,66 pulgadas, ancho 9 cm/3,54 pulgadas', 'XXL: tamaño de la palma 23 cm/9 pulgadas, ancho 9,5 cm/3,74 pulgadas']",['49'],['Guantes De Motociclista De Cuero Impermeable Furygan']
"['---SOMOS NATURAL ECUADOR FITNESS 5 AÑOS EN EL MERCADO---', 'GUANTES DE BOXEO EVERLAST 12 Y 14 ONZAS:', '- Protegen las manos / previenen lesiones.', '- Disminuyen el impacto de los golpes.', '- Proporcionan mejor agarre y control.', '- Mejoran la comodidad y evitan lesiones innecesarias.', 'Obsequio. Vendas de Boxeo Everlast', '---SOMOS NATURAL ECUADOR FITNESS 5 AÑOS EN EL MERCADO---']",['28'],['Guantes De Boxeo Everlast 12 Y 14 Oz - Guantes De Box']
"['---SOMOS NATURAL ECUADOR FITNESS 5 AÑOS EN EL MERCADO---', 'GUANTES DE BOXEO EVERLAST 12 Y 14 ONZAS:', '- Protegen las manos / previenen lesiones.', '- Disminuyen el impacto de los golpes.', '- Proporcionan mejor agarre y control.', '- Mejoran la comodidad y evitan lesiones innecesarias.', 'Obsequio. Vendas de Boxeo Everlast', '---SOMOS NATURAL ECUADOR FITNESS 5 AÑOS EN EL MERCADO---']",['28'],['Guantes De Boxeo Everlast 12 Y 14 Oz - Guantes De Box']
"['---SOMOS NATURAL ECUADOR FITNESS 5 AÑOS EN EL MERCADO---', 'GUANTES DE BOXEO EVERLAST 12 Y 14 ONZAS:', '- Protegen las manos / previenen lesiones.', '- Disminuyen el impacto de los golpes.', '- Proporcionan mejor agarre y control.', '- Mejoran la comodidad y evitan lesiones innecesarias.', 'Obsequio. Vendas de Boxeo Everlast', '---SOMOS NATURAL ECUADOR FITNESS 5 AÑOS EN EL MERCADO---']",['28'],['Guantes De Boxeo Everlast 12 Y 14 Oz - Guantes De Box']
"['---SOMOS NATURAL ECUADOR FITNESS 5 AÑOS EN EL MERCADO---', 'GUANTES DE BOXEO EVERLAST 12 Y 14 ONZAS:', '- Protegen las manos / previenen lesiones.', '- Disminuyen el impacto de los golpes.', '- Proporcionan mejor agarre y control.', '- Mejoran la comodidad y evitan lesiones innecesarias.', 'Obsequio. Vendas de Boxeo Everlast', '---SOMOS NATURAL ECUADOR FITNESS 5 AÑOS EN EL MERCADO---']",['28'],['Guantes De Boxeo Everlast 12 Y 14 Oz - Guantes De Box']
"['---SOMOS NATURAL ECUADOR FITNESS 5 AÑOS EN EL MERCADO---', 'GUANTES DE BOXEO EVERLAST 12 Y 14 ONZAS:', '- Protegen las manos / previenen lesiones.', '- Disminuyen el impacto de los golpes.', '- Proporcionan mejor agarre y control.', '- Mejoran la comodidad y evitan lesiones innecesarias.', 'Obsequio. Vendas de Boxeo Everlast', '---SOMOS NATURAL ECUADOR FITNESS 5 AÑOS EN EL MERCADO---']",['28'],['Guantes De Boxeo Everlast 12 Y 14 Oz - Guantes De Box']
"['---SOMOS NATURAL ECUADOR FITNESS 5 AÑOS EN EL MERCADO---', 'GUANTES DE BOXEO EVERLAST 12 Y 14 ONZAS:', '- Protegen las manos / previenen lesiones.', '- Disminuyen el impacto de los golpes.', '- Proporcionan mejor agarre y control.', '- Mejoran la comodidad y evitan lesiones innecesarias.', 'Obsequio. Vendas de Boxeo Everlast', '---SOMOS NATURAL ECUADOR FITNESS 5 AÑOS EN EL MERCADO---']",['28'],['Guantes De Boxeo Everlast 12 Y 14 Oz - Guantes De Box']
"['GUANTE LARGO ""L"" Moxal', 'Características:', 'Color: Negro', 'Color principal: Negro', 'Condición del ítem: Nuevo', 'Marca: Moxal', 'Modelo: GL-19', 'MPN: 01.018.0313', 'Talle: L', 'GUANTE LARGO ""L"" NEG - GL-19 - MOXAL - CHINA']",['20'],['Guante Largo  L  Moxal']
"['Guante Certificado SFI 3.3/10 para Automovilismo.', 'Antiflama, antiimpacto, muy ductil.', 'Como Equipo de Protección:', 'Protege las manos durante las operaciones de seguridad, rescate y repostaje en el uso diario e trabajo. CarbonX® Level 10 está construido con cuero genuino de cabra y respaldado con tres capas superiores de tejido elástico CarbonX® ignífugo con protección contra riesgos térmicos EN407:2004 .', 'Certificación Materiales: EN407:2004: Guantes de protección contra riesgos térmicos EN388:2016: Guantes de protección contra los riesgos mecánicos Arco Eléctrico CAT4 con 41.8 cal/cm2.', 'Colores: Negro', 'Descripción: Los nudillos de tipo acordeón y alta densidad ofrecen protección en situaciones extremas, mientras que el puño elástico extendido mantiene el guante de forma segura en su posición.', 'Talla: M,L,XL', 'Garantía del vendedor: 1 años']",['169'],['Guante Mechanix - Carbonx Level10 Piloto Carreras Sfi 3.3/10']
"['Disponemos de gran variedad de productos a precios increíbles con una excelente atención y puntualidad.', '', 'VENTAS AL POR MAYOR Y MENOR', 'Guantes de moto resistentes de diferentes colores.', 'Felicitaciones, va a tener un producto de buena calidad en sus manos.', '', '“Somos profesionales de cuarto nivel en el área de la salud, ventas y sabemos lo que necesitas”..', '· Hacemos entregas a nivel nacional por Servíentrega, Tramaco Express y transporte.', '', 'PARA MAS INFORMACIÓN DE CLICK EN COMPRAR PARA QUE NOS PUEDA CONTACTAR DIRECTAMENTE.']",['10'],['Guantes De Moto']
"['Guantes de Cuero para Motociclistas', 'Talla L – Mujer', 'Carcasa reforzada en las articulaciones', 'Tiene correa para muñeca y cierre de velcro', 'Agarre y control perfectos, ofrece una gran protección para su mano. Proporciona la máxima protección a la vez que es increíblemente cómoda.', 'Las imágenes son reales del producto', 'Norte de Quito Sector Carcelén, somos Electro Express', 'Se Realiza Envíos a todo el Ecuador por medio de Servientrega, costo adicional', 'TODA COMPRA NO CONCRETADA SERA CALIFICADA COMO NEGATIVO']",['45'],['Guantes De Cuero Para Motociclistas Winroad - Talla L Mujer']
"['- Dedo completo', '- Material de pantalla táctil en el dedo índice para un uso cómodo de dispositivos móviles sin mover guantes y velcro ajustable en la muñeca para un ajuste cómodo.', '- Adopta una construcción ligera, larga vida útil en conducción ligera.', '- Diseño ergonómico especial, proporciona la máxima protección para tu', '- Logotipos y gráficos de goma de inyección directa', '- Diseño deportivo', '- Protección a los nudillos', '- Resistente a la abrasión', '- Antiderrapante en palmas y dedos.', '- Productos 100% nuevos de paquete']",['8'],['Guantes De Motociclismo Antideslizante Térmicos Protección']
"['Guantes Tactico Moto Oakley Flexion Originales', 'Características', 'Protección de TPR moldeada y flexible que protege contra impactos y abrasiones', 'La palma acolchada y ventilada brinda comodidad acolchada y un flujo de aire mejorado', 'Velcro el cierre de muñeca ofrece un ajuste ceñido y ajustable', '50% poliéster, 36% nailon, 9% elastano, 5% goma', 'Color: Negro / caqui', 'RECUERDA QUE SOMOS MERCADOLIDER, UNO DE LOS MEJORES EN EL SITIO. ANÍMATE!!!', 'Si tienes cualquier duda no dudes en preguntar.', '------------Envío a nivel Nacional previo pago------------', '-Preguntar por disponibilidad de stock, antes de hacer su compra.', 'TAMBIÉN PUEDES RECOGERLO PERSONALMENTE EN NUESTRO LOCAL FÍSICO. (Horarios de Atención de lunes a Viernes de 10 a 20 horas – Sábados previa cita)', '', '- PRODUCTOS TOTALMENTE NUEVOS DE PAQUETE', '- ENTREGA INMEDIATA', '- PRODUCTOS GARANTIZADOS', '- ENVÍOS A PROVINCIAS PREVIO DEPOSITO BANCARIO', '- ENVÍOS POR SERVIENTREGA (TIEMPO DE ENTREGA DE 24 A 48 HORAS)', '- COSTO DE ENVÍO EN QUITO: 3 DOLARES', '- COSTO DE ENVÍO A PROVINCIAS: 5 DOLARES', 'OJO: AL HACER LA COMPRA TE SALDRÁN NUESTROS DATOS', 'FAVOR CONTÁCTATE PARA HACER LA ENTREGA Y PAGO DEL PRODUCTO']",['17'],['Guantes Tactico Moto Oakley Flexion Originales']
"['Tacticos Guantes de cuerina cálida. Guantes deportivos de moda. Guantes de motocicleta impermeables de invierno.', 'Color: Negro.', 'Material: Cuerina sintetica antideslizante.', 'Tamaño: bajo pedido.', 'Modelo sencillo para: Hombres y mujeres.', 'Aplicable: Motociclismo, Ciclismo, Correr, Patinaje, Esquí, etc.', 'Características:', 'Tacticos con la punta del dedo, evita el viento y el frío a prueba de agua, suave y cómodo.', 'Palma antideslizante.', 'Permita una desviación de medición de 1-2 cm debido a la medición manual. Debido a varios monitores y condiciones de iluminación, los colores pueden ser ligeramente diferentes de las fotos enumeradas.', 'El paquete incluye: 1 par de guantes.', 'Precio promocional es de $6 dolares', 'Esta compra es segura y confiable.', 'La promocion puede terminar sin previo aviso.', 'Comunicate y confirma tu pedido.', 'Visitanos en Quito, Sector Mitad del Mundo', 'Pagina oficial unttrela corporation', 'Garantía del vendedor: 3 meses']",['6'],['Guantes Cuerina Cálida Simples Tacticos Impermeables Inviern']
"['Guantes Para Moto Con Protección De Nudillos', 'ANDINA DISTRIBUIDORA', 'características del producto:', '- Talla: XL y L', '- Guantes para Motocicleta', '- Con protección de nudillos', '- Ajuste de muñeca con velcro', '- Antideslizantes', '- Producto nuevo', 'EXCELENTE CALIDAD', 'ENTREGA INMEDIATA', 'PRODUCTO 100% NUEVO']",['12'],['Guantes Para Moto  Con Protección De Nudillos']
"['– Palma de punto plastificado para resistencia y agarre.', '– Protecciones anticolisión en la mano y dedos.', '– Dedos con sello de goma protector.', '– Pantalla táctil en pulgar, medio y dedo índice.', '– Correa de muñeca ajustable con velcro.', '– Ideal para motocross, ciclismo y actividades al aire libre.', 'Garantía del vendedor: 1 días']",['11'],['Guantes City Proteccion De Dedo Para Motocicleta']
"['Los Guantes Rockbros Con Gel son la elección perfecta para los motociclistas que buscan comodidad y protección en cada viaje. Fabricados con una combinación de cuero, nylon spandex y SBR, estos guantes ofrecen una durabilidad excepcional y un ajuste perfecto. Su diseño sin dedos permite una mayor libertad de movimiento, ideal para quienes practican un estilo de conducción deportivo.', 'El gel incorporado en la palma proporciona un excelente amortiguamiento, reduciendo la fatiga en las manos durante largas jornadas de conducción. Con un estilo moderno y funcional, estos guantes son adecuados para cualquier motociclista que valore tanto la estética como la funcionalidad.', 'Con dos pares incluidos, tendrás la versatilidad necesaria para adaptarte a diferentes condiciones y estilos de conducción. Los Guantes Rockbros S109 son una inversión en tu seguridad y confort, permitiéndote disfrutar de cada kilómetro con confianza.']",['22'],['Guantes Rockbros Con Gel']
"['- Guantes de protección contra abrasiones y rasguños, ideales para motociclismo.', '- Material de tela transpirable, cómodo para climas cálidos, resistente al calor, rasgaduras, agua, suciedad y aceite', '- Cierre ajustable con velcro en la muñeca, fácil de poner y quitar.', '- Diseño con malla transpirable y protección completa con carcasa de goma, espuma absorbente de impactos y estructura resistente a caídas.', '- Rojo / Azul / Negro']",['4'],['Guantes De Motociclismo Medio Dedo Antideslizante Protección']
"['El vendedor no incluyó una descripción del producto', 'Garantía del vendedor: 1 días']",['15'],['Guante Para Moto City']
['Guantes Para Motociclista Impermeables'],['27'],['Guantes Para Motociclista']
"['Guante bicolor n/a # 7 c22 master', '..', '', 'Si tiene alguna duda o desea mas información del producto. Con mucho gusto puede realizar sus preguntas en la parte inferior de la publicación. Nuestra empresa realiza envíos a todo el Ecuador y emitimos factura autorizada por el SRI.']",['2'],['Guante Bicolor N/a # 7 C22 Master']
"['– Palma de punto plastificado para resistencia y agarre.', '– Protecciones anticolisión en la mano y dedos.', '– Dedos con sello de goma protector.', '– Pantalla táctil en pulgar, medio y dedo índice.', '– Correa de muñeca ajustable con velcro.', '– Ideal para motocross, ciclismo y actividades al aire libre.']",['11'],['Guantes City Proteccion Pantalla Táctil De Dedo Motocicleta']
"['Disponemos de gran variedad de productos a precios increíbles con una excelente atención y puntualidad.', 'VENTAS AL POR MAYOR Y MENOR', 'Guantes FOX de diferentes colores y tamaños', '', 'Felicitaciones, va a tener un producto de buena calidad en sus manos.', '“Somos profesionales de cuarto nivel en el área de la salud, ventas y sabemos lo que necesitas”..', '· Hacemos entregas a nivel nacional por Servíentrega, Tramaco Express y transporte.', '', '· Entregas dentro de la ciudad de Ambato el mismo día del pedido.', '', 'PARA MAS INFORMACIÓN DE CLICK EN COMPRAR PARA QUE NOS PUEDA CONTACTAR DIRECTAMENTE.']",['15'],['Guantes Fox']
"['GUANTE LARGO ""L"" Moxal', 'Características:', 'Color: Negro', 'Color principal: Negro', 'Condición del ítem: Nuevo', 'Marca: Moxal', 'Modelo: GL-19', 'MPN: 01.018.0313', 'Talle: L', 'GUANTE LARGO ""L"" NEG - GL-19 - MOXAL - CHINA']",['20'],['Guante Largo  L  Moxal']
"['Guante Certificado SFI 3.3/10 para Automovilismo.', 'Antiflama, antiimpacto, muy ductil.', 'Como Equipo de Protección:', 'Protege las manos durante las operaciones de seguridad, rescate y repostaje en el uso diario e trabajo. CarbonX® Level 10 está construido con cuero genuino de cabra y respaldado con tres capas superiores de tejido elástico CarbonX® ignífugo con protección contra riesgos térmicos EN407:2004 .', 'Certificación Materiales: EN407:2004: Guantes de protección contra riesgos térmicos EN388:2016: Guantes de protección contra los riesgos mecánicos Arco Eléctrico CAT4 con 41.8 cal/cm2.', 'Colores: Negro', 'Descripción: Los nudillos de tipo acordeón y alta densidad ofrecen protección en situaciones extremas, mientras que el puño elástico extendido mantiene el guante de forma segura en su posición.', 'Talla: M,L,XL', 'Garantía del vendedor: 1 años']",['169'],['Guante Mechanix - Carbonx Level10 Piloto Carreras Sfi 3.3/10']
"['Disponemos de gran variedad de productos a precios increíbles con una excelente atención y puntualidad.', '', 'VENTAS AL POR MAYOR Y MENOR', 'Guantes de moto resistentes de diferentes colores.', 'Felicitaciones, va a tener un producto de buena calidad en sus manos.', '', '“Somos profesionales de cuarto nivel en el área de la salud, ventas y sabemos lo que necesitas”..', '· Hacemos entregas a nivel nacional por Servíentrega, Tramaco Express y transporte.', '', 'PARA MAS INFORMACIÓN DE CLICK EN COMPRAR PARA QUE NOS PUEDA CONTACTAR DIRECTAMENTE.']",['10'],['Guantes De Moto']
"['Guantes de Cuero para Motociclistas', 'Talla L – Mujer', 'Carcasa reforzada en las articulaciones', 'Tiene correa para muñeca y cierre de velcro', 'Agarre y control perfectos, ofrece una gran protección para su mano. Proporciona la máxima protección a la vez que es increíblemente cómoda.', 'Las imágenes son reales del producto', 'Norte de Quito Sector Carcelén, somos Electro Express', 'Se Realiza Envíos a todo el Ecuador por medio de Servientrega, costo adicional', 'TODA COMPRA NO CONCRETADA SERA CALIFICADA COMO NEGATIVO']",['45'],['Guantes De Cuero Para Motociclistas Winroad - Talla L Mujer']
"['- Dedo completo', '- Material de pantalla táctil en el dedo índice para un uso cómodo de dispositivos móviles sin mover guantes y velcro ajustable en la muñeca para un ajuste cómodo.', '- Adopta una construcción ligera, larga vida útil en conducción ligera.', '- Diseño ergonómico especial, proporciona la máxima protección para tu', '- Logotipos y gráficos de goma de inyección directa', '- Diseño deportivo', '- Protección a los nudillos', '- Resistente a la abrasión', '- Antiderrapante en palmas y dedos.', '- Productos 100% nuevos de paquete']",['8'],['Guantes De Motociclismo Antideslizante Térmicos Protección']
"['Guantes Para Moto Con Protección De Nudillos', 'ANDINA DISTRIBUIDORA', 'características del producto:', '- Talla: XL y L', '- Guantes para Motocicleta', '- Con protección de nudillos', '- Ajuste de muñeca con velcro', '- Antideslizantes', '- Producto nuevo', 'EXCELENTE CALIDAD', 'ENTREGA INMEDIATA', 'PRODUCTO 100% NUEVO']",['12'],['Guantes Para Moto  Con Protección De Nudillos']
"['– Palma de punto plastificado para resistencia y agarre.', '– Protecciones anticolisión en la mano y dedos.', '– Dedos con sello de goma protector.', '– Pantalla táctil en pulgar, medio y dedo índice.', '– Correa de muñeca ajustable con velcro.', '– Ideal para motocross, ciclismo y actividades al aire libre.', 'Garantía del vendedor: 1 días']",['11'],['Guantes City Proteccion De Dedo Para Motocicleta']
"['Los Guantes Rockbros Con Gel son la elección perfecta para los motociclistas que buscan comodidad y protección en cada viaje. Fabricados con una combinación de cuero, nylon spandex y SBR, estos guantes ofrecen una durabilidad excepcional y un ajuste perfecto. Su diseño sin dedos permite una mayor libertad de movimiento, ideal para quienes practican un estilo de conducción deportivo.', 'El gel incorporado en la palma proporciona un excelente amortiguamiento, reduciendo la fatiga en las manos durante largas jornadas de conducción. Con un estilo moderno y funcional, estos guantes son adecuados para cualquier motociclista que valore tanto la estética como la funcionalidad.', 'Con dos pares incluidos, tendrás la versatilidad necesaria para adaptarte a diferentes condiciones y estilos de conducción. Los Guantes Rockbros S109 son una inversión en tu seguridad y confort, permitiéndote disfrutar de cada kilómetro con confianza.']",['22'],['Guantes Rockbros Con Gel']
"['Los Guantes Rockbros Con Gel son la elección perfecta para los motociclistas que buscan comodidad y protección en cada viaje. Fabricados con una combinación de cuero, nylon spandex y SBR, estos guantes ofrecen una durabilidad excepcional y un ajuste perfecto. Su diseño sin dedos permite una mayor libertad de movimiento, ideal para quienes practican un estilo de conducción deportivo.', 'El gel incorporado en la palma proporciona un excelente amortiguamiento, reduciendo la fatiga en las manos durante largas jornadas de conducción. Con un estilo moderno y funcional, estos guantes son adecuados para cualquier motociclista que valore tanto la estética como la funcionalidad.', 'Con dos pares incluidos, tendrás la versatilidad necesaria para adaptarte a diferentes condiciones y estilos de conducción. Los Guantes Rockbros S109 son una inversión en tu seguridad y confort, permitiéndote disfrutar de cada kilómetro con confianza.']",['22'],['Guantes Rockbros Con Gel']
"['Los Guantes Rockbros Con Gel son la elección perfecta para los motociclistas que buscan comodidad y protección en cada viaje. Fabricados con una combinación de cuero, nylon spandex y SBR, estos guantes ofrecen una durabilidad excepcional y un ajuste perfecto. Su diseño sin dedos permite una mayor libertad de movimiento, ideal para quienes practican un estilo de conducción deportivo.', 'El gel incorporado en la palma proporciona un excelente amortiguamiento, reduciendo la fatiga en las manos durante largas jornadas de conducción. Con un estilo moderno y funcional, estos guantes son adecuados para cualquier motociclista que valore tanto la estética como la funcionalidad.', 'Con dos pares incluidos, tendrás la versatilidad necesaria para adaptarte a diferentes condiciones y estilos de conducción. Los Guantes Rockbros S109 son una inversión en tu seguridad y confort, permitiéndote disfrutar de cada kilómetro con confianza.']",['22'],['Guantes Rockbros Con Gel']
"['El vendedor no incluyó una descripción del producto', 'Garantía del vendedor: 1 días']",['15'],['Guante Para Moto City']
['Guantes Para Motociclista Impermeables'],['27'],['Guantes Para Motociclista']
"['Disponemos de gran variedad de productos a precios increíbles con una excelente atención y puntualidad.', 'VENTAS AL POR MAYOR Y MENOR', 'Guantes FOX de diferentes colores y tamaños', '', 'Felicitaciones, va a tener un producto de buena calidad en sus manos.', '“Somos profesionales de cuarto nivel en el área de la salud, ventas y sabemos lo que necesitas”..', '· Hacemos entregas a nivel nacional por Servíentrega, Tramaco Express y transporte.', '', '· Entregas dentro de la ciudad de Ambato el mismo día del pedido.', '', 'PARA MAS INFORMACIÓN DE CLICK EN COMPRAR PARA QUE NOS PUEDA CONTACTAR DIRECTAMENTE.']",['15'],['Guantes Fox']
